Date,Open,High,Low,Last,Change,Settle,Volume,Previous Day Open Interest
2014-12-31,3.095,3.13,2.882,2.889,0.205,2.889,115576.0,177642.0
2014-12-30,3.168,3.178,3.079,3.094,0.105,3.094,71392.0,176314.0
2014-12-29,3.084,3.211,3.047,3.115,0.166,3.199,96031.0,169291.0
2014-12-26,3.067,3.098,2.973,3.007,0.023,3.007,47009.0,18683.0
2014-12-24,3.17,3.19,3.0,3.0,0.141,3.03,50883.0,22432.0
2014-12-23,3.171,3.234,3.098,3.135,0.027,3.171,90099.0,35986.0
2014-12-22,3.35,3.351,3.12,3.144,0.32,3.144,154679.0,49453.0
2014-12-19,3.661,3.677,3.444,3.464,0.178,3.464,120014.0,58896.0
2014-12-18,3.701,3.805,3.636,3.755,0.06,3.642,132941.0,72569.0
2014-12-17,3.621,3.724,3.614,3.702,0.083,3.702,96051.0,82885.0
2014-12-16,3.736,3.789,3.605,3.619,0.1,3.619,114152.0,95624.0
2014-12-15,3.93,3.936,3.699,3.719,0.076,3.719,139837.0,108398.0
2014-12-12,3.648,3.826,3.644,3.795,0.161,3.795,124556.0,129491.0
2014-12-11,3.716,3.778,3.614,3.634,0.072,3.634,168061.0,151099.0
2014-12-10,3.65,3.743,3.606,3.706,0.054,3.706,141138.0,179639.0
2014-12-09,3.62,3.709,3.608,3.652,0.057,3.652,146871.0,204666.0
2014-12-08,3.777,3.785,3.585,3.595,0.207,3.595,159073.0,229249.0
2014-12-05,3.676,3.824,3.664,3.802,0.153,3.802,162625.0,249906.0
2014-12-04,3.787,3.808,3.638,3.649,0.156,3.649,143648.0,257205.0
2014-12-03,3.863,3.866,3.757,3.805,0.069,3.805,131446.0,257182.0
2014-12-02,4.023,4.026,3.856,3.865,0.133,3.874,144384.0,258494.0
2014-12-01,3.975,4.041,3.928,4.005,0.081,4.007,195421.0,257719.0
2014-11-28,4.341,4.367,4.075,4.075,0.267,4.088,94594.0,260819.0
2014-11-26,4.438,4.529,4.33,4.355,0.048,4.355,131620.0,265779.0
2014-11-25,4.289,4.444,4.227,4.295,0.099,4.403,124330.0,265785.0
2014-11-24,4.047,4.158,4.006,4.075,0.115,4.151,77893.0,22627.0
2014-11-21,4.46,4.532,4.233,4.266,0.223,4.266,99809.0,30309.0
2014-11-20,4.408,4.503,4.25,4.489,0.118,4.489,221288.0,43530.0
2014-11-19,4.266,4.508,4.194,4.45,0.127,4.371,190952.0,60444.0
2014-11-18,4.303,4.336,4.149,4.244,0.097,4.244,213160.0,71679.0
2014-11-17,4.148,4.347,4.113,4.341,0.321,4.341,168227.0,81528.0
2014-11-14,3.978,4.074,3.931,4.01,0.043,4.02,158023.0,88923.0
2014-11-13,4.155,4.175,3.962,3.977,0.208,3.977,179356.0,105483.0
2014-11-12,4.218,4.227,4.143,4.185,0.062,4.185,147158.0,122942.0
2014-11-11,4.266,4.311,4.121,4.175,0.008,4.247,183391.0,136722.0
2014-11-10,4.509,4.544,4.246,4.255,0.157,4.255,185416.0,148167.0
2014-11-07,4.429,4.494,4.282,4.412,0.008,4.412,228871.0,159628.0
2014-11-06,4.209,4.457,4.111,4.404,0.21,4.404,257541.0,154283.0
2014-11-05,4.144,4.315,4.132,4.194,0.065,4.194,187960.0,157762.0
2014-11-04,4.041,4.179,4.029,4.065,0.083,4.129,192286.0,164159.0
2014-11-03,4.007,4.065,3.989,4.01,0.173,4.046,159394.0,166606.0
2014-10-31,3.858,3.955,3.835,3.873,0.046,3.873,159088.0,166759.0
2014-10-30,3.793,3.873,3.768,3.827,0.039,3.827,103384.0,165409.0
2014-10-29,3.746,3.849,3.696,3.78,0.057,3.788,161566.0,165418.0
2014-10-28,3.572,3.677,3.541,3.595,0.088,3.649,67900.0,19547.0
2014-10-27,3.62,3.644,3.547,3.57,0.062,3.561,52004.0,24911.0
2014-10-24,3.653,3.654,3.558,3.623,0.001,3.623,79996.0,39993.0
2014-10-23,3.662,3.683,3.59,3.622,0.037,3.622,136392.0,53262.0
2014-10-22,3.7,3.718,3.651,3.659,0.052,3.659,80639.0,61644.0
2014-10-21,3.652,3.716,3.631,3.66,0.041,3.711,96380.0,73323.0
2014-10-20,3.721,3.745,3.662,3.67,0.096,3.67,93142.0,78735.0
2014-10-17,3.817,3.817,3.715,3.76,0.03,3.766,95078.0,86669.0
2014-10-16,3.811,3.834,3.744,3.81,0.004,3.796,111486.0,96902.0
2014-10-15,3.836,3.857,3.764,3.78,0.016,3.8,105564.0,111784.0
2014-10-14,3.922,3.955,3.806,3.945,0.1,3.816,127018.0,119576.0
2014-10-13,3.836,3.927,3.82,3.916,0.057,3.916,123080.0,143135.0
2014-10-10,3.857,3.888,3.833,3.859,0.014,3.859,100289.0,157915.0
2014-10-09,3.861,3.941,3.815,3.845,0.01,3.845,184935.0,173537.0
2014-10-08,3.939,3.947,3.837,3.855,0.102,3.855,160091.0,188358.0
2014-10-07,3.914,3.968,3.866,3.905,0.059,3.957,161772.0,203396.0
2014-10-06,4.0,4.0,3.887,3.898,0.141,3.898,108359.0,205792.0
2014-10-03,3.96,4.047,3.945,3.97,0.107,4.039,99304.0,206861.0
2014-10-02,4.032,4.059,3.908,3.932,0.091,3.932,144803.0,214653.0
2014-10-01,4.13,4.184,4.017,4.02,0.098,4.023,115728.0,222083.0
2014-09-30,4.134,4.178,4.098,4.121,0.033,4.121,135411.0,232819.0
2014-09-29,4.032,4.162,4.011,4.155,0.125,4.154,134544.0,223426.0
2014-09-26,4.008,4.04,3.969,3.99,0.015,4.029,105736.0,226222.0
2014-09-25,3.895,3.974,3.823,3.865,0.06,3.971,97651.0,21287.0
2014-09-24,3.833,3.922,3.796,3.911,0.095,3.911,53948.0,27674.0
2014-09-23,3.852,3.903,3.813,3.816,0.034,3.816,76893.0,43237.0
2014-09-22,3.84,3.878,3.804,3.86,0.013,3.85,90329.0,59646.0
2014-09-19,3.908,3.922,3.834,3.837,0.073,3.837,87279.0,66149.0
2014-09-18,4.009,4.027,3.897,3.91,0.103,3.91,128760.0,90189.0
2014-09-17,3.991,4.04,3.96,4.013,0.018,4.013,112376.0,98266.0
2014-09-16,3.932,3.999,3.863,3.995,0.064,3.995,120033.0,108644.0
2014-09-15,3.841,3.952,3.839,3.931,0.074,3.931,142164.0,127733.0
2014-09-12,3.844,3.859,3.786,3.857,0.034,3.857,113188.0,136285.0
2014-09-11,3.954,3.963,3.809,3.823,0.131,3.823,154721.0,146941.0
2014-09-10,3.978,3.994,3.937,3.954,0.03,3.954,83536.0,155169.0
2014-09-09,3.887,4.016,3.853,3.984,0.108,3.984,183170.0,161637.0
2014-09-08,3.783,3.898,3.761,3.876,0.083,3.876,112296.0,170598.0
2014-09-05,3.838,3.848,3.781,3.793,0.026,3.793,75294.0,175161.0
2014-09-04,3.853,3.879,3.789,3.86,0.028,3.819,130989.0,179693.0
2014-09-03,3.891,3.917,3.829,3.847,0.043,3.847,114965.0,185087.0
2014-09-02,4.048,4.078,3.885,3.89,0.175,3.89,150473.0,192400.0
2014-08-29,4.056,4.085,4.012,4.065,0.021,4.065,77699.0,192435.0
2014-08-28,4.009,4.101,3.973,4.044,0.041,4.044,132250.0,189104.0
2014-08-27,3.973,4.032,3.932,3.945,0.054,4.003,141755.0,182711.0
2014-08-26,3.936,3.978,3.899,3.911,0.026,3.911,48330.0,15457.0
2014-08-25,3.869,3.944,3.843,3.937,0.097,3.937,51944.0,19627.0
2014-08-22,3.88,3.893,3.828,3.88,0.049,3.84,56071.0,31453.0
2014-08-21,3.831,3.955,3.786,3.889,0.066,3.889,122461.0,41953.0
2014-08-20,3.87,3.888,3.792,3.83,0.054,3.823,97158.0,61497.0
2014-08-19,3.79,3.915,3.78,3.87,0.085,3.877,102020.0,67700.0
2014-08-18,3.746,3.825,3.727,3.81,0.016,3.792,97591.0,79112.0
2014-08-15,3.885,3.906,3.763,3.775,0.13,3.776,105597.0,91686.0
2014-08-14,3.813,3.947,3.799,3.906,0.075,3.906,157482.0,109469.0
2014-08-13,3.979,3.986,3.812,3.831,0.143,3.831,169827.0,128967.0
2014-08-12,3.991,4.02,3.954,3.974,0.009,3.974,109709.0,145884.0
2014-08-11,3.988,4.012,3.922,3.965,0.003,3.965,131454.0,165041.0
2014-08-08,3.877,3.975,3.872,3.962,0.086,3.962,134620.0,182692.0
2014-08-07,3.946,3.981,3.858,3.876,0.057,3.876,171277.0,199677.0
2014-08-06,3.897,3.95,3.876,3.933,0.036,3.933,80706.0,209451.0
2014-08-05,3.841,3.915,3.826,3.897,0.063,3.897,84420.0,214156.0
2014-08-04,3.786,3.853,3.761,3.834,0.036,3.834,67662.0,221829.0
2014-08-01,3.829,3.877,3.781,3.79,0.043,3.798,93425.0,230013.0
2014-07-31,3.787,3.89,3.76,3.835,0.055,3.841,139593.0,237230.0
2014-07-30,3.821,3.83,3.749,3.78,0.038,3.786,67345.0,239454.0
2014-07-29,3.755,3.831,3.739,3.76,0.059,3.824,103678.0,238457.0
2014-07-28,3.736,3.85,3.728,3.84,0.034,3.747,52245.0,18833.0
2014-07-25,3.842,3.862,3.764,3.781,0.066,3.781,36019.0,22460.0
2014-07-24,3.767,3.886,3.744,3.847,0.085,3.847,93926.0,35556.0
2014-07-23,3.758,3.817,3.752,3.762,0.01,3.762,58481.0,44491.0
2014-07-22,3.853,3.866,3.756,3.772,0.077,3.772,88882.0,52534.0
2014-07-21,3.883,3.893,3.827,3.88,0.102,3.849,98011.0,61551.0
2014-07-18,3.962,3.976,3.934,3.96,0.003,3.951,56023.0,67772.0
2014-07-17,4.109,4.11,3.936,4.05,0.165,3.954,150966.0,81093.0
2014-07-16,4.087,4.146,4.084,4.13,0.022,4.119,63933.0,87361.0
2014-07-15,4.157,4.158,4.081,4.145,0.05,4.097,85840.0,98765.0
2014-07-14,4.145,4.173,4.092,4.145,0.001,4.147,96645.0,106112.0
2014-07-11,4.126,4.159,4.106,4.146,0.026,4.146,69227.0,116748.0
2014-07-10,4.173,4.193,4.108,4.17,0.05,4.12,123977.0,126707.0
2014-07-09,4.205,4.23,4.163,4.17,0.034,4.17,95719.0,136672.0
2014-07-08,4.228,4.238,4.129,4.204,0.021,4.204,127050.0,146472.0
2014-07-07,4.345,4.402,4.2,4.225,0.181,4.225,106446.0,144267.0
2014-07-03,4.358,4.411,4.329,4.34,0.049,4.406,94873.0,150469.0
2014-07-02,4.444,4.459,4.338,4.415,0.098,4.357,97117.0,149017.0
2014-07-01,4.447,4.488,4.403,4.455,0.006,4.455,66171.0,153404.0
2014-06-30,4.419,4.493,4.378,4.461,0.052,4.461,91482.0,160190.0
2014-06-27,4.444,4.466,4.375,4.409,0.032,4.409,80315.0,166254.0
2014-06-26,4.57,4.608,4.405,4.415,0.128,4.441,145070.0,165608.0
2014-06-25,4.525,4.587,4.517,4.553,0.018,4.553,46170.0,13503.0
2014-06-24,4.437,4.556,4.431,4.485,0.089,4.535,58971.0,18568.0
2014-06-23,4.522,4.577,4.436,4.465,0.085,4.446,67916.0,30080.0
2014-06-20,4.572,4.614,4.516,4.531,0.053,4.531,77975.0,40537.0
2014-06-19,4.65,4.7,4.559,4.63,0.075,4.584,157677.0,61365.0
2014-06-18,4.704,4.773,4.646,4.745,0.05,4.659,87286.0,76591.0
2014-06-17,4.707,4.739,4.672,4.675,0.002,4.709,82219.0,86119.0
2014-06-16,4.757,4.886,4.669,4.745,0.032,4.707,118099.0,99179.0
2014-06-13,4.754,4.793,4.716,4.739,0.023,4.739,116459.0,119211.0
2014-06-12,4.526,4.769,4.52,4.762,0.254,4.762,248302.0,137592.0
2014-06-11,4.535,4.573,4.504,4.508,0.022,4.508,127790.0,156109.0
2014-06-10,4.63,4.636,4.52,4.53,0.115,4.53,171115.0,178355.0
2014-06-09,4.714,4.743,4.63,4.645,0.065,4.645,149818.0,197493.0
2014-06-06,4.701,4.736,4.679,4.71,0.009,4.71,109210.0,218190.0
2014-06-05,4.64,4.723,4.586,4.6,0.061,4.701,157561.0,220074.0
2014-06-04,4.615,4.653,4.576,4.61,0.011,4.64,77320.0,221216.0
2014-06-03,4.617,4.662,4.593,4.629,0.017,4.629,83484.0,224713.0
2014-06-02,4.551,4.62,4.522,4.612,0.07,4.612,87181.0,225113.0
2014-05-30,4.582,4.592,4.489,4.542,0.017,4.542,106947.0,226493.0
2014-05-29,4.608,4.665,4.529,4.559,0.056,4.559,139572.0,226750.0
2014-05-28,4.496,4.627,4.488,4.61,0.104,4.615,123455.0,226784.0
2014-05-27,4.406,4.512,4.36,4.505,0.1,4.505,56074.0,16243.0
2014-05-23,4.374,4.411,4.358,4.39,0.046,4.405,39755.0,20708.0
2014-05-22,4.489,4.515,4.349,4.435,0.114,4.359,114369.0,36181.0
2014-05-21,4.536,4.575,4.466,4.473,0.079,4.473,88107.0,47079.0
2014-05-20,4.474,4.57,4.43,4.515,0.082,4.552,105507.0,63728.0
2014-05-19,4.414,4.523,4.39,4.47,0.057,4.47,78205.0,73755.0
2014-05-16,4.449,4.458,4.407,4.413,0.056,4.413,60675.0,81118.0
2014-05-15,4.384,4.509,4.289,4.469,0.102,4.469,134448.0,93365.0
2014-05-14,4.372,4.403,4.339,4.367,0.009,4.367,79329.0,96469.0
2014-05-13,4.407,4.469,4.347,4.358,0.076,4.358,130254.0,106085.0
2014-05-12,4.535,4.549,4.396,4.434,0.097,4.434,109249.0,118336.0
2014-05-09,4.586,4.598,4.498,4.531,0.041,4.531,103578.0,133714.0
2014-05-08,4.75,4.754,4.56,4.715,0.168,4.572,163018.0,152338.0
2014-05-07,4.786,4.827,4.706,4.785,0.059,4.74,107023.0,161743.0
2014-05-06,4.702,4.806,4.692,4.799,0.111,4.799,101577.0,168205.0
2014-05-05,4.775,4.822,4.651,4.688,0.014,4.688,61636.0,179675.0
2014-05-02,4.73,4.765,4.672,4.685,0.045,4.674,63415.0,185463.0
2014-05-01,4.797,4.823,4.707,4.71,0.096,4.719,105912.0,189952.0
2014-04-30,4.838,4.852,4.751,4.815,0.016,4.815,86189.0,190355.0
2014-04-29,4.77,4.848,4.754,4.831,0.032,4.831,103292.0,193991.0
2014-04-28,4.655,4.813,4.648,4.79,0.141,4.799,100991.0,191325.0
2014-04-25,4.688,4.72,4.632,4.647,0.058,4.647,52461.0,18715.0
2014-04-24,4.723,4.805,4.674,4.705,0.025,4.705,82140.0,28496.0
2014-04-23,4.753,4.785,4.716,4.73,0.009,4.73,65913.0,40742.0
2014-04-22,4.695,4.757,4.677,4.739,0.042,4.739,80314.0,62522.0
2014-04-21,4.756,4.789,4.687,4.697,0.044,4.697,85434.0,76798.0
2014-04-17,4.532,4.746,4.484,4.741,0.211,4.741,175804.0,87508.0
2014-04-16,4.571,4.603,4.523,4.56,0.037,4.53,69420.0,102446.0
2014-04-15,4.575,4.633,4.511,4.567,0.007,4.567,103648.0,124059.0
2014-04-14,4.62,4.646,4.539,4.56,0.06,4.56,79195.0,141912.0
2014-04-11,4.635,4.673,4.605,4.62,0.035,4.62,129508.0,174327.0
2014-04-10,4.561,4.703,4.522,4.655,0.069,4.655,213649.0,200295.0
2014-04-09,4.534,4.593,4.498,4.586,0.052,4.586,140369.0,222336.0
2014-04-08,4.469,4.552,4.456,4.51,0.058,4.534,140359.0,246651.0
2014-04-07,4.443,4.528,4.43,4.476,0.037,4.476,135203.0,268193.0
2014-04-04,4.431,4.478,4.404,4.439,0.031,4.439,76666.0,269387.0
2014-04-03,4.369,4.483,4.313,4.375,0.106,4.47,101681.0,267991.0
2014-04-02,4.262,4.39,4.221,4.364,0.088,4.364,104461.0,282692.0
2014-04-01,4.367,4.39,4.251,4.276,0.095,4.276,121141.0,293492.0
2014-03-31,4.482,4.487,4.337,4.371,0.114,4.371,123849.0,300646.0
2014-03-28,4.517,4.568,4.471,4.505,0.053,4.485,68380.0,303261.0
2014-03-27,4.394,4.57,4.367,4.485,0.143,4.538,147666.0,302400.0
2014-03-26,4.406,4.428,4.352,4.402,0.009,4.402,50393.0,17492.0
2014-03-25,4.288,4.43,4.263,4.411,0.135,4.411,60149.0,25611.0
2014-03-24,4.312,4.35,4.262,4.276,0.037,4.276,63826.0,43599.0
2014-03-21,4.377,4.378,4.286,4.313,0.056,4.313,70146.0,57327.0
2014-03-20,4.471,4.474,4.349,4.369,0.115,4.369,117037.0,75570.0
2014-03-19,4.467,4.504,4.42,4.484,0.028,4.484,62189.0,81933.0
2014-03-18,4.515,4.549,4.446,4.456,0.08,4.456,75851.0,93124.0
2014-03-17,4.504,4.587,4.482,4.536,0.111,4.536,100462.0,105444.0
2014-03-14,4.375,4.439,4.341,4.425,0.042,4.425,77604.0,116369.0
2014-03-13,4.493,4.496,4.355,4.383,0.107,4.383,143424.0,131687.0
2014-03-12,4.604,4.631,4.448,4.49,0.115,4.49,124659.0,147146.0
2014-03-11,4.658,4.683,4.572,4.605,0.046,4.605,101099.0,161978.0
2014-03-10,4.623,4.733,4.556,4.651,0.033,4.651,123064.0,178793.0
2014-03-07,4.641,4.681,4.566,4.618,0.044,4.618,86194.0,183202.0
2014-03-06,4.566,4.695,4.506,4.662,0.139,4.662,149939.0,192304.0
2014-03-05,4.657,4.722,4.507,4.523,0.144,4.523,127342.0,197262.0
2014-03-04,4.499,4.676,4.49,4.667,0.175,4.667,145923.0,207011.0
2014-03-03,4.69,4.736,4.463,4.492,0.117,4.492,133461.0,224455.0
2014-02-28,4.48,4.658,4.451,4.609,0.098,4.609,111330.0,228407.0
2014-02-27,4.522,4.567,4.441,4.511,0.03,4.511,133093.0,232838.0
2014-02-26,4.957,5.005,4.66,4.86,0.241,4.855,17745.0,10709.0
2014-02-25,5.464,5.492,4.788,5.096,0.349,5.096,94858.0,29238.0
2014-02-24,6.3,6.493,5.38,5.445,0.69,5.445,120303.0,38183.0
2014-02-21,6.068,6.308,5.88,6.135,0.071,6.135,127838.0,59398.0
2014-02-20,6.095,6.4,5.882,6.064,0.085,6.064,185328.0,80483.0
2014-02-19,5.565,6.275,5.56,6.149,0.598,6.149,257874.0,80246.0
2014-02-18,5.384,5.612,5.371,5.551,0.337,5.551,203034.0,91254.0
2014-02-14,5.279,5.389,5.14,5.214,,5.214,225624.0,146003.0
2014-02-13,4.828,5.239,4.818,5.223,,5.223,281346.0,166670.0
2014-02-12,4.942,5.028,4.78,4.822,,4.822,238686.0,196143.0
2014-02-11,4.607,4.97,4.57,4.824,,4.824,189504.0,211174.0
2014-02-10,4.66,4.787,4.563,4.579,,4.579,187672.0,226467.0
2014-02-07,5.03,5.049,4.739,4.775,,4.775,204451.0,245911.0
2014-02-06,5.165,5.396,4.896,4.931,,4.931,209821.0,260532.0
2014-02-05,5.284,5.737,4.99,5.03,,5.03,266451.0,267879.0
2014-02-04,4.953,5.397,4.942,5.375,,5.375,221543.0,268699.0
2014-02-03,4.85,4.986,4.751,4.905,,4.905,126763.0,274064.0
2014-01-31,4.9,4.995,4.721,4.943,,4.943,194737.0,272469.0
2014-01-30,5.467,5.477,4.9,5.011,,5.011,297803.0,280395.0
2014-01-29,4.992,5.725,4.901,5.557,,5.557,17604.0,8615.0
2014-01-28,4.9,5.115,4.867,5.033,,5.033,85061.0,25213.0
2014-01-27,5.153,5.442,4.828,4.847,,4.847,147682.0,35732.0
2014-01-24,4.835,5.246,4.813,5.182,,5.182,233908.0,49364.0
2014-01-23,4.699,4.947,4.653,4.73,,4.73,212975.0,70205.0
2014-01-22,4.47,4.725,4.433,4.689,,4.689,205845.0,88468.0
2014-01-21,4.236,4.475,4.203,4.431,,4.431,155511.0,97644.0
2014-01-17,4.37,4.385,4.293,4.326,,4.326,126719.0,109982.0
2014-01-16,4.335,4.495,4.316,4.382,,4.382,269373.0,121410.0
2014-01-15,4.353,4.432,4.318,4.325,,4.325,161601.0,125956.0
2014-01-14,4.308,4.382,4.287,4.369,,4.369,167135.0,133262.0
2014-01-13,4.12,4.313,4.118,4.274,,4.274,184709.0,144431.0
2014-01-10,4.029,4.099,3.953,4.053,,4.053,157266.0,148136.0
2014-01-09,4.187,4.194,3.999,4.005,,4.005,198080.0,151605.0
2014-01-08,4.327,4.365,4.18,4.216,,4.216,139712.0,152388.0
2014-01-07,4.308,4.43,4.262,4.299,,4.299,165205.0,157605.0
2014-01-06,4.313,4.379,4.266,4.306,,4.306,95247.0,164941.0
2014-01-03,4.298,4.39,4.206,4.304,,4.304,144011.0,166296.0
2014-01-02,4.232,4.331,4.213,4.321,,4.321,102698.0,166603.0
2013-12-31,4.435,4.448,4.224,4.23,,4.23,113827.0,168127.0
2013-12-30,4.403,4.472,4.403,4.427,,4.427,88410.0,165069.0
2013-12-27,4.433,4.438,4.338,4.407,,4.407,15194.0,8151.0
2013-12-26,4.439,4.465,4.377,4.433,,4.433,46722.0,22265.0
2013-12-24,4.469,4.486,4.384,4.416,,4.416,36153.0,26958.0
2013-12-23,4.49,4.532,4.456,4.463,,4.463,84688.0,44431.0
2013-12-20,4.471,4.492,4.402,4.418,,4.418,117685.0,60603.0
2013-12-19,4.27,4.471,4.268,4.46,,4.46,203682.0,73242.0
2013-12-18,4.288,4.334,4.244,4.251,,4.251,145045.0,91348.0
2013-12-17,4.265,4.326,4.194,4.287,,4.287,146146.0,108943.0
2013-12-16,4.275,4.318,4.203,4.279,,4.279,169922.0,133895.0
2013-12-13,4.389,4.443,4.341,4.351,,4.351,165659.0,151208.0
2013-12-12,4.345,4.434,4.307,4.409,,4.409,265564.0,176979.0
2013-12-11,4.251,4.348,4.172,4.337,,4.337,264799.0,199428.0
2013-12-10,4.24,4.287,4.199,4.237,,4.237,231224.0,236014.0
2013-12-09,4.148,4.248,4.139,4.232,,4.232,196607.0,257309.0
2013-12-06,4.144,4.199,4.103,4.114,,4.114,237841.0,289158.0
2013-12-05,3.965,4.152,3.951,4.132,,4.132,253705.0,306004.0
2013-12-04,3.98,4.013,3.953,3.96,,3.96,107814.0,310103.0
2013-12-03,3.975,4.017,3.945,3.976,,3.976,134634.0,322670.0
2013-12-02,3.911,3.993,3.897,3.988,,3.988,133786.0,327803.0
2013-11-29,3.895,3.962,3.873,3.954,,3.954,99206.0,328740.0
2013-11-27,3.866,3.918,3.834,3.895,,3.895,113552.0,333856.0
2013-11-26,3.795,3.837,3.741,3.818,,3.818,15985.0,7867.0
2013-11-25,3.814,3.849,3.753,3.789,,3.789,74694.0,18693.0
2013-11-22,3.703,3.787,3.682,3.768,,3.768,65743.0,24103.0
2013-11-21,3.67,3.743,3.661,3.702,,3.702,115407.0,44676.0
2013-11-20,3.558,3.681,3.549,3.674,,3.674,126943.0,66149.0
2013-11-19,3.614,3.647,3.545,3.556,,3.556,110337.0,84393.0
2013-11-18,3.681,3.705,3.611,3.617,,3.617,120507.0,99003.0
2013-11-15,3.612,3.667,3.575,3.66,,3.66,102895.0,109236.0
2013-11-14,3.556,3.624,3.491,3.605,,3.605,146668.0,118283.0
2013-11-13,3.646,3.662,3.54,3.566,,3.566,125745.0,129350.0
2013-11-12,3.581,3.656,3.561,3.617,,3.617,119675.0,144884.0
2013-11-11,3.586,3.598,3.542,3.574,,3.574,93318.0,149524.0
2013-11-08,3.52,3.589,3.51,3.559,,3.559,84028.0,158217.0
2013-11-07,3.495,3.622,3.483,3.519,,3.519,178916.0,169505.0
2013-11-06,3.482,3.547,3.453,3.498,,3.498,128777.0,172791.0
2013-11-05,3.443,3.491,3.379,3.466,,3.466,128530.0,174806.0
2013-11-04,3.475,3.475,3.406,3.445,,3.445,108379.0,175440.0
2013-11-01,3.574,3.578,3.508,3.513,,3.513,121208.0,178984.0
2013-10-31,3.638,3.659,3.56,3.581,,3.581,124099.0,175813.0
2013-10-30,3.64,3.662,3.61,3.62,,3.62,87643.0,171914.0
2013-10-29,3.567,3.589,3.48,3.496,,3.496,15955.0,7121.0
2013-10-28,3.678,3.681,3.557,3.569,,3.569,75166.0,19563.0
2013-10-25,3.63,3.731,3.593,3.707,,3.707,60319.0,28372.0
2013-10-24,3.617,3.645,3.545,3.629,,3.629,126662.0,45337.0
2013-10-23,3.593,3.639,3.577,3.619,,3.619,94439.0,59221.0
2013-10-22,3.669,3.669,3.573,3.581,,3.581,154599.0,82321.0
2013-10-21,3.795,3.838,3.654,3.668,,3.668,110620.0,96740.0
2013-10-18,3.759,3.785,3.685,3.764,,3.764,136289.0,104367.0
2013-10-17,3.775,3.801,3.727,3.757,,3.757,118857.0,123392.0
2013-10-16,3.813,3.869,3.757,3.769,,3.769,152933.0,138712.0
2013-10-15,3.821,3.855,3.773,3.79,,3.79,135685.0,152807.0
2013-10-14,3.815,3.855,3.758,3.82,,3.82,104936.0,153692.0
2013-10-11,3.728,3.792,3.726,3.776,,3.776,156601.0,165074.0
2013-10-10,3.699,3.795,3.683,3.723,,3.723,221858.0,190961.0
2013-10-09,3.724,3.734,3.673,3.679,,3.679,154428.0,213135.0
2013-10-08,3.637,3.73,3.633,3.716,,3.716,222556.0,241535.0
2013-10-07,3.53,3.661,3.519,3.629,,3.629,210996.0,267681.0
2013-10-04,3.509,3.535,3.482,3.506,,3.506,78626.0,274501.0
2013-10-03,3.542,3.57,3.49,3.499,,3.499,137521.0,274382.0
2013-10-02,3.608,3.647,3.533,3.542,,3.542,102156.0,275551.0
2013-10-01,3.557,3.653,3.536,3.609,,3.609,154011.0,283245.0
2013-09-30,3.581,3.583,3.509,3.56,,3.56,113966.0,285601.0
2013-09-27,3.581,3.608,3.521,3.589,,3.589,97652.0,287333.0
2013-09-26,3.507,3.515,3.402,3.498,,3.498,14104.0,6025.0
2013-09-25,3.509,3.546,3.49,3.493,,3.493,74215.0,18088.0
2013-09-24,3.593,3.617,3.488,3.492,,3.492,67338.0,28068.0
2013-09-23,3.681,3.681,3.592,3.602,,3.602,74716.0,44775.0
2013-09-20,3.712,3.715,3.656,3.687,,3.687,76093.0,59794.0
2013-09-19,3.729,3.82,3.68,3.72,,3.72,179057.0,79300.0
2013-09-18,3.738,3.754,3.671,3.713,,3.713,98926.0,92476.0
2013-09-17,3.741,3.776,3.72,3.745,,3.745,123119.0,118239.0
2013-09-16,3.687,3.749,3.625,3.738,,3.738,126208.0,130253.0
2013-09-13,3.628,3.689,3.603,3.677,,3.677,111244.0,140707.0
2013-09-12,3.558,3.665,3.537,3.638,,3.638,178779.0,151876.0
2013-09-11,3.583,3.618,3.525,3.567,,3.567,126510.0,161253.0
2013-09-10,3.609,3.629,3.54,3.584,,3.584,107259.0,169201.0
2013-09-09,3.534,3.621,3.531,3.605,,3.605,93254.0,180340.0
2013-09-06,3.575,3.595,3.517,3.53,,3.53,88013.0,191041.0
2013-09-05,3.672,3.719,3.562,3.575,,3.575,153670.0,193668.0
2013-09-04,3.674,3.699,3.64,3.683,,3.683,113636.0,206721.0
2013-09-03,3.601,3.689,3.601,3.666,,3.666,128866.0,217112.0
2013-08-30,3.624,3.653,3.566,3.581,,3.581,104325.0,217806.0
2013-08-29,3.58,3.655,3.51,3.618,,3.618,169793.0,221991.0
2013-08-28,3.542,3.589,3.479,3.567,,3.567,14648.0,6850.0
2013-08-27,3.505,3.547,3.451,3.534,,3.534,64111.0,18486.0
2013-08-26,3.511,3.545,3.476,3.513,,3.513,43457.0,23992.0
2013-08-23,3.545,3.562,3.473,3.485,,3.485,88001.0,40223.0
2013-08-22,3.47,3.559,3.451,3.545,,3.545,138028.0,61747.0
2013-08-21,3.437,3.495,3.388,3.46,,3.46,84819.0,77773.0
2013-08-20,3.465,3.5,3.431,3.444,,3.444,108816.0,97316.0
2013-08-19,3.392,3.501,3.385,3.463,,3.463,128072.0,115118.0
2013-08-16,3.425,3.434,3.36,3.368,,3.368,84295.0,129468.0
2013-08-15,3.341,3.433,3.303,3.419,,3.419,158436.0,144698.0
2013-08-14,3.298,3.376,3.285,3.342,,3.342,162066.0,161418.0
2013-08-13,3.304,3.334,3.262,3.285,,3.285,217231.0,190014.0
2013-08-12,3.26,3.361,3.244,3.31,,3.31,206652.0,220153.0
2013-08-09,3.32,3.326,3.215,3.23,,3.23,179452.0,246529.0
2013-08-08,3.237,3.326,3.129,3.297,,3.297,258871.0,264956.0
2013-08-07,3.305,3.318,3.23,3.247,,3.247,193625.0,290227.0
2013-08-06,3.325,3.357,3.301,3.318,,3.318,77363.0,290884.0
2013-08-05,3.326,3.361,3.308,3.319,,3.319,80927.0,287725.0
2013-08-02,3.386,3.407,3.33,3.347,,3.347,85621.0,291282.0
2013-08-01,3.452,3.454,3.341,3.387,,3.387,160415.0,296573.0
2013-07-31,3.45,3.472,3.42,3.446,,3.446,86077.0,295643.0
2013-07-30,3.472,3.488,3.418,3.432,,3.432,98751.0,299597.0
2013-07-29,3.515,3.52,3.413,3.459,,3.459,11879.0,6855.0
2013-07-26,3.651,3.654,3.548,3.555,,3.555,90194.0,17191.0
2013-07-25,3.701,3.759,3.64,3.644,,3.644,96436.0,22062.0
2013-07-24,3.732,3.78,3.689,3.698,,3.698,88615.0,42171.0
2013-07-23,3.7,3.762,3.659,3.743,,3.743,103930.0,62013.0
2013-07-22,3.75,3.763,3.64,3.677,,3.677,114460.0,75937.0
2013-07-19,3.813,3.827,3.761,3.789,,3.789,87959.0,85902.0
2013-07-18,3.623,3.835,3.606,3.812,,3.812,170262.0,92408.0
2013-07-17,3.671,3.683,3.607,3.629,,3.629,113400.0,102633.0
2013-07-16,3.686,3.718,3.608,3.677,,3.677,113717.0,114416.0
2013-07-15,3.65,3.689,3.546,3.674,,3.674,142451.0,124166.0
2013-07-12,3.614,3.692,3.6,3.644,,3.644,91615.0,130401.0
2013-07-11,3.663,3.702,3.574,3.613,,3.613,142245.0,138321.0
2013-07-10,3.659,3.787,3.631,3.68,,3.68,108422.0,148651.0
2013-07-09,3.732,3.747,3.626,3.657,,3.657,112429.0,153958.0
2013-07-08,3.626,3.764,3.612,3.741,,3.741,115045.0,163569.0
2013-07-05,3.69,3.699,3.577,3.617,,3.617,80177.0,165443.0
2013-07-03,3.658,3.7,3.573,3.69,,3.69,108659.0,168045.0
2013-07-02,3.59,3.667,3.567,3.654,,3.654,96284.0,174014.0
2013-07-01,3.547,3.607,3.531,3.577,,3.577,85176.0,175143.0
2013-06-28,3.596,3.618,3.526,3.565,,3.565,118193.0,178728.0
2013-06-27,3.743,3.757,3.556,3.582,,3.582,186924.0,174977.0
2013-06-26,3.654,3.728,3.635,3.707,,3.707,19261.0,10610.0
2013-06-25,3.738,3.76,3.645,3.647,,3.647,80914.0,25692.0
2013-06-24,3.79,3.822,3.725,3.739,,3.739,68904.0,32143.0
2013-06-21,3.871,3.904,3.764,3.771,,3.771,113568.0,49330.0
2013-06-20,3.953,3.964,3.835,3.877,,3.877,147046.0,68221.0
2013-06-19,3.911,3.983,3.906,3.963,,3.963,108420.0,83030.0
2013-06-18,3.902,3.952,3.865,3.905,,3.905,155572.0,105030.0
2013-06-17,3.738,3.913,3.738,3.875,,3.875,145046.0,126079.0
2013-06-14,3.813,3.831,3.729,3.733,,3.733,115414.0,140815.0
2013-06-13,3.773,3.85,3.715,3.814,,3.814,216444.0,164879.0
2013-06-12,3.725,3.789,3.71,3.777,,3.777,179268.0,197418.0
2013-06-11,3.793,3.803,3.716,3.724,,3.724,178484.0,219590.0
2013-06-10,3.848,3.868,3.779,3.8,,3.8,155472.0,246405.0
2013-06-07,3.846,3.869,3.814,3.828,,3.828,158971.0,268971.0
2013-06-06,3.997,4.002,3.824,3.827,,3.827,192035.0,273095.0
2013-06-05,4.0,4.027,3.975,4.001,,4.001,94881.0,278281.0
2013-06-04,3.988,4.033,3.965,3.998,,3.998,85391.0,286301.0
2013-06-03,3.963,4.04,3.951,3.991,,3.991,99263.0,291388.0
2013-05-31,4.032,4.064,3.981,3.984,,3.984,118764.0,294083.0
2013-05-30,4.177,4.184,4.011,4.023,,4.023,140610.0,300725.0
2013-05-29,4.167,4.179,4.071,4.148,,4.148,15770.0,9135.0
2013-05-28,4.223,4.308,4.13,4.174,,4.174,93432.0,24644.0
2013-05-24,4.262,4.295,4.216,4.237,,4.237,56734.0,33457.0
2013-05-23,4.181,4.269,4.159,4.261,,4.261,152541.0,53448.0
2013-05-22,4.19,4.228,4.155,4.186,,4.186,96447.0,65541.0
2013-05-21,4.087,4.21,4.078,4.192,,4.192,108648.0,81068.0
2013-05-20,4.089,4.159,4.063,4.09,,4.09,122358.0,94995.0
2013-05-17,3.942,4.096,3.915,4.055,,4.055,148801.0,112505.0
2013-05-16,4.095,4.095,3.912,3.932,,3.932,170824.0,126170.0
2013-05-15,4.018,4.078,4.011,4.07,,4.07,104181.0,140422.0
2013-05-14,3.942,4.03,3.923,4.024,,4.024,107703.0,153080.0
2013-05-13,3.897,3.977,3.886,3.925,,3.925,106339.0,162833.0
2013-05-10,3.967,4.01,3.898,3.91,,3.91,112489.0,171356.0
2013-05-09,3.976,4.02,3.883,3.983,,3.983,155795.0,179180.0
2013-05-08,3.915,3.989,3.895,3.978,,3.978,94715.0,185038.0
2013-05-07,4.0,4.005,3.916,3.92,,3.92,130505.0,198216.0
2013-05-06,4.012,4.056,3.971,4.011,,4.011,107226.0,210170.0
2013-05-03,4.043,4.07,3.977,4.041,,4.041,126340.0,216119.0
2013-05-02,4.313,4.364,4.017,4.025,,4.025,252928.0,222977.0
2013-05-01,4.34,4.444,4.31,4.326,,4.326,168576.0,228657.0
2013-04-30,4.378,4.397,4.322,4.343,,4.343,141634.0,239268.0
2013-04-29,4.233,4.395,4.225,4.392,,4.392,134017.0,236594.0
2013-04-26,4.159,4.196,4.062,4.152,,4.152,16762.0,9106.0
2013-04-25,4.17,4.251,4.141,4.167,,4.167,91679.0,24149.0
2013-04-24,4.233,4.276,4.162,4.166,,4.166,85204.0,36007.0
2013-04-23,4.257,4.319,4.218,4.238,,4.238,143779.0,60925.0
2013-04-22,4.39,4.397,4.251,4.267,,4.267,130370.0,80391.0
2013-04-19,4.418,4.42,4.363,4.408,,4.408,102933.0,99293.0
2013-04-18,4.203,4.429,4.172,4.401,,4.401,239363.0,119479.0
2013-04-17,4.194,4.244,4.146,4.214,,4.214,133404.0,136679.0
2013-04-16,4.128,4.2,4.084,4.16,,4.16,160829.0,157197.0
2013-04-15,4.227,4.29,4.116,4.137,,4.137,158407.0,176478.0
2013-04-12,4.175,4.264,4.151,4.222,,4.222,160744.0,193234.0
2013-04-11,4.102,4.185,4.047,4.139,,4.139,242871.0,205587.0
2013-04-10,4.032,4.161,4.025,4.085,,4.085,265542.0,229470.0
2013-04-09,4.085,4.104,4.004,4.017,,4.017,183887.0,267886.0
2013-04-08,4.163,4.18,4.045,4.082,,4.082,276829.0,300215.0
2013-04-05,3.947,4.146,3.93,4.125,,4.125,336003.0,307709.0
2013-04-04,3.904,3.976,3.861,3.947,,3.947,202441.0,314583.0
2013-04-03,3.959,3.985,3.897,3.9,,3.9,150245.0,327335.0
2013-04-02,4.031,4.044,3.943,3.969,,3.969,165091.0,333554.0
2013-04-01,3.969,4.044,3.934,4.015,,4.015,148038.0,332783.0
2013-03-28,4.091,4.121,3.973,4.024,,4.024,218761.0,332470.0
2013-03-27,3.999,4.103,3.983,4.068,,4.068,184139.0,334311.0
2013-03-26,3.875,3.991,3.862,3.976,,3.976,19435.0,10939.0
2013-03-25,3.943,3.996,3.86,3.865,,3.865,71484.0,29886.0
2013-03-22,3.93,4.006,3.913,3.927,,3.927,80105.0,42383.0
2013-03-21,3.95,4.025,3.891,3.935,,3.935,209571.0,61315.0
2013-03-20,3.967,3.976,3.885,3.96,,3.96,148501.0,79570.0
2013-03-19,3.882,3.973,3.869,3.969,,3.969,145472.0,99597.0
2013-03-18,3.907,3.965,3.858,3.882,,3.882,163381.0,109809.0
2013-03-15,3.825,3.924,3.821,3.872,,3.872,200135.0,122675.0
2013-03-14,3.686,3.834,3.679,3.812,,3.812,244487.0,145277.0
2013-03-13,3.637,3.696,3.623,3.68,,3.68,105866.0,157104.0
2013-03-12,3.64,3.676,3.62,3.645,,3.645,154089.0,169725.0
2013-03-11,3.636,3.652,3.59,3.649,,3.649,101650.0,173776.0
2013-03-08,3.585,3.635,3.565,3.629,,3.629,114956.0,180700.0
2013-03-07,3.472,3.603,3.463,3.582,,3.582,192572.0,185869.0
2013-03-06,3.523,3.55,3.462,3.47,,3.47,111443.0,188952.0
2013-03-05,3.535,3.594,3.511,3.529,,3.529,164642.0,193660.0
2013-03-04,3.469,3.54,3.408,3.529,,3.529,130080.0,193768.0
2013-03-01,3.491,3.52,3.44,3.456,,3.456,124446.0,200050.0
2013-02-28,3.418,3.508,3.395,3.486,,3.486,155276.0,199605.0
2013-02-27,3.449,3.554,3.406,3.434,,3.434,178549.0,214287.0
2013-02-26,3.416,3.455,3.386,3.427,,3.427,14826.0,8467.0
2013-02-25,3.32,3.425,3.32,3.414,,3.414,83312.0,23117.0
2013-02-22,3.241,3.294,3.231,3.291,,3.291,60088.0,28673.0
2013-02-21,3.268,3.337,3.231,3.246,,3.246,176489.0,55501.0
2013-02-20,3.271,3.313,3.257,3.279,,3.279,126331.0,87495.0
2013-02-19,3.166,3.279,3.135,3.272,,3.272,148991.0,105001.0
2013-02-15,3.17,3.194,3.125,3.153,,3.153,126944.0,125559.0
2013-02-14,3.297,3.309,3.135,3.163,,3.163,220979.0,148254.0
2013-02-13,3.241,3.323,3.23,3.306,,3.306,206946.0,183215.0
2013-02-12,3.28,3.314,3.223,3.23,,3.23,208096.0,216203.0
2013-02-11,3.26,3.295,3.207,3.279,,3.279,183714.0,239748.0
2013-02-08,3.295,3.327,3.256,3.272,,3.272,166553.0,262537.0
2013-02-07,3.439,3.453,3.282,3.285,,3.285,240270.0,295699.0
2013-02-06,3.424,3.459,3.398,3.418,,3.418,139629.0,303355.0
2013-02-05,3.33,3.427,3.318,3.399,,3.399,111026.0,310152.0
2013-02-04,3.313,3.354,3.259,3.315,,3.315,95101.0,312335.0
2013-02-01,3.328,3.387,3.278,3.301,,3.301,135606.0,321514.0
2013-01-31,3.335,3.395,3.243,3.339,,3.339,219353.0,327108.0
2013-01-30,3.262,3.344,3.261,3.335,,3.335,120149.0,325395.0
2013-01-29,3.273,3.275,3.207,3.226,,3.226,13349.0,7984.0
2013-01-28,3.392,3.396,3.267,3.289,,3.289,81492.0,15514.0
2013-01-25,3.452,3.48,3.411,3.444,,3.444,70384.0,23515.0
2013-01-24,3.57,3.592,3.441,3.446,,3.446,167250.0,47921.0
2013-01-23,3.573,3.596,3.512,3.554,,3.554,103804.0,64525.0
2013-01-22,3.572,3.645,3.505,3.558,,3.558,167375.0,86471.0
2013-01-18,3.485,3.579,3.473,3.566,,3.566,119803.0,94369.0
2013-01-17,3.435,3.529,3.38,3.494,,3.494,190872.0,101875.0
2013-01-16,3.445,3.457,3.364,3.435,,3.435,157772.0,111902.0
2013-01-15,3.383,3.464,3.328,3.455,,3.455,187995.0,133572.0
2013-01-14,3.379,3.411,3.337,3.373,,3.373,143718.0,142274.0
2013-01-11,3.193,3.341,3.178,3.327,,3.327,172927.0,165704.0
2013-01-10,3.13,3.211,3.108,3.193,,3.193,148532.0,175816.0
2013-01-09,3.218,3.227,3.087,3.113,,3.113,141964.0,180125.0
2013-01-08,3.276,3.281,3.201,3.218,,3.218,112006.0,184896.0
2013-01-07,3.277,3.352,3.238,3.266,,3.266,82710.0,186410.0
2013-01-04,3.198,3.299,3.193,3.287,,3.287,117175.0,191960.0
2013-01-03,3.231,3.236,3.164,3.198,,3.198,94660.0,195075.0
2013-01-02,3.348,3.358,3.05,3.233,,3.233,142617.0,195671.0
2012-12-31,3.455,3.481,3.341,3.351,,3.351,67678.0,191644.0
2012-12-28,3.412,3.487,3.36,3.469,,3.469,61051.0,195936.0
2012-12-27,3.352,3.38,3.317,3.354,,3.354,12616.0,7437.0
2012-12-26,3.33,3.408,3.3,3.392,,3.392,56046.0,21475.0
2012-12-24,3.461,3.461,3.331,3.346,,3.346,31457.0,25238.0
2012-12-21,3.447,3.508,3.425,3.451,,3.451,97506.0,54283.0
2012-12-20,3.337,3.467,3.316,3.462,,3.462,145740.0,71761.0
2012-12-19,3.399,3.414,3.284,3.32,,3.32,122894.0,86017.0
2012-12-18,3.35,3.45,3.336,3.418,,3.418,134646.0,99345.0
2012-12-17,3.299,3.395,3.277,3.358,,3.358,150347.0,115667.0
2012-12-14,3.339,3.363,3.261,3.314,,3.314,160718.0,128180.0
2012-12-13,3.395,3.407,3.293,3.347,,3.347,258297.0,160082.0
2012-12-12,3.423,3.447,3.366,3.382,,3.382,213960.0,190870.0
2012-12-11,3.426,3.494,3.391,3.412,,3.412,207374.0,216643.0
2012-12-10,3.519,3.52,3.415,3.46,,3.46,215020.0,245840.0
2012-12-07,3.64,3.684,3.539,3.551,,3.551,185173.0,271624.0
2012-12-06,3.69,3.748,3.614,3.666,,3.666,188738.0,277115.0
2012-12-05,3.547,3.719,3.507,3.7,,3.7,158401.0,285461.0
2012-12-04,3.611,3.611,3.525,3.539,,3.539,108074.0,294453.0
2012-12-03,3.553,3.643,3.526,3.591,,3.591,143239.0,299672.0
2012-11-30,3.649,3.679,3.546,3.561,,3.561,161031.0,299614.0
2012-11-29,3.807,3.815,3.637,3.648,,3.648,167198.0,295472.0
2012-11-28,3.761,3.769,3.626,3.696,,3.696,19476.0,11535.0
2012-11-27,3.745,3.774,3.71,3.769,,3.769,84157.0,24913.0
2012-11-26,3.864,3.868,3.704,3.73,,3.73,86735.0,35360.0
2012-11-23,3.902,3.933,3.83,3.901,,3.901,50561.0,40658.0
2012-11-21,3.835,3.91,3.786,3.903,,3.903,136527.0,54333.0
2012-11-20,3.73,3.842,3.725,3.832,,3.832,96480.0,71714.0
2012-11-19,3.798,3.835,3.71,3.719,,3.719,127298.0,84198.0
2012-11-16,3.715,3.803,3.662,3.79,,3.79,127831.0,97018.0
2012-11-15,3.76,3.83,3.68,3.703,,3.703,173026.0,107615.0
2012-11-14,3.783,3.827,3.724,3.76,,3.76,148113.0,120170.0
2012-11-13,3.57,3.775,3.56,3.739,,3.739,175185.0,132689.0
2012-11-12,3.496,3.596,3.47,3.57,,3.57,103217.0,143814.0
2012-11-09,3.59,3.617,3.482,3.503,,3.503,117476.0,146383.0
2012-11-08,3.572,3.613,3.518,3.608,,3.608,124608.0,155121.0
2012-11-07,3.614,3.617,3.555,3.578,,3.578,92637.0,159726.0
2012-11-06,3.568,3.62,3.513,3.617,,3.617,99305.0,162688.0
2012-11-05,3.533,3.588,3.506,3.554,,3.554,90511.0,171234.0
2012-11-02,3.675,3.693,3.532,3.554,,3.554,134579.0,169885.0
2012-11-01,3.692,3.742,3.653,3.699,,3.699,110522.0,177053.0
2012-10-31,3.695,3.778,3.68,3.692,,3.692,104094.0,181744.0
2012-10-30,3.801,3.82,3.65,3.691,,3.691,82365.0,186848.0
2012-10-29,3.36,3.5,3.36,3.471,,3.471,14963.0,12124.0
2012-10-26,3.424,3.442,3.355,3.4,,3.4,75567.0,24157.0
2012-10-25,3.442,3.48,3.36,3.434,,3.434,116374.0,31457.0
2012-10-24,3.523,3.561,3.429,3.45,,3.45,115223.0,54787.0
2012-10-23,3.444,3.559,3.437,3.535,,3.535,129100.0,70110.0
2012-10-22,3.617,3.648,3.426,3.452,,3.452,179151.0,89938.0
2012-10-19,3.584,3.647,3.559,3.617,,3.617,126166.0,105002.0
2012-10-18,3.478,3.591,3.401,3.587,,3.587,220309.0,119590.0
2012-10-17,3.442,3.5,3.398,3.47,,3.47,166462.0,136302.0
2012-10-16,3.49,3.519,3.408,3.437,,3.437,205057.0,157204.0
2012-10-15,3.593,3.6,3.447,3.486,,3.486,169279.0,165966.0
2012-10-12,3.611,3.638,3.563,3.611,,3.611,143772.0,179595.0
2012-10-11,3.483,3.634,3.468,3.604,,3.604,319850.0,202424.0
2012-10-10,3.473,3.514,3.431,3.475,,3.475,240146.0,226673.0
2012-10-09,3.414,3.515,3.346,3.467,,3.467,231610.0,246595.0
2012-10-05,3.407,3.435,3.337,3.396,,3.396,201412.0,269460.0
2012-10-04,3.393,3.464,3.36,3.406,,3.406,196360.0,270307.0
2012-10-03,3.52,3.526,3.348,3.395,,3.395,185873.0,270670.0
2012-10-02,3.483,3.546,3.398,3.531,,3.531,205687.0,268389.0
2012-10-01,3.325,3.486,3.325,3.48,,3.48,218826.0,276169.0
2012-09-28,3.285,3.33,3.248,3.32,,3.32,183405.0,283586.0
2012-09-27,3.2,3.318,3.188,3.297,,3.297,235582.0,287288.0
2012-09-26,2.942,3.046,2.927,3.023,,3.023,16176.0,9081.0
2012-09-25,2.85,2.954,2.843,2.924,,2.924,102689.0,25480.0
2012-09-24,2.9,2.903,2.814,2.837,,2.837,79288.0,35556.0
2012-09-21,2.809,2.901,2.79,2.885,,2.885,146313.0,55386.0
2012-09-20,2.777,2.821,2.747,2.797,,2.797,163129.0,82834.0
2012-09-19,2.774,2.855,2.737,2.762,,2.762,166327.0,109334.0
2012-09-18,2.875,2.916,2.755,2.773,,2.773,180396.0,117120.0
2012-09-17,2.929,2.983,2.856,2.865,,2.865,123789.0,127040.0
2012-09-14,3.036,3.062,2.92,2.943,,2.943,154462.0,137498.0
2012-09-13,3.063,3.07,2.96,3.037,,3.037,208154.0,151651.0
2012-09-12,3.001,3.068,2.95,3.063,,3.063,218135.0,165142.0
2012-09-11,2.842,3.009,2.802,2.992,,2.992,269043.0,183053.0
2012-09-10,2.659,2.847,2.647,2.812,,2.812,148140.0,201820.0
2012-09-07,2.747,2.765,2.666,2.682,,2.682,154735.0,192693.0
2012-09-06,2.799,2.866,2.742,2.776,,2.776,164714.0,203274.0
2012-09-05,2.85,2.869,2.78,2.795,,2.795,125626.0,207466.0
2012-09-04,2.806,2.888,2.762,2.854,,2.854,131342.0,207692.0
2012-08-31,2.76,2.808,2.707,2.799,,2.799,129815.0,206573.0
2012-08-30,2.692,2.767,2.637,2.748,,2.748,165403.0,211927.0
2012-08-29,2.616,2.646,2.575,2.634,,2.634,13322.0,6917.0
2012-08-28,2.663,2.677,2.603,2.614,,2.614,97232.0,19314.0
2012-08-27,2.768,2.768,2.64,2.653,,2.653,84537.0,27531.0
2012-08-24,2.833,2.877,2.695,2.702,,2.702,122682.0,41966.0
2012-08-23,2.844,2.859,2.682,2.802,,2.802,198800.0,64043.0
2012-08-22,2.83,2.863,2.772,2.826,,2.826,131295.0,79150.0
2012-08-21,2.767,2.837,2.7,2.775,,2.775,162797.0,81046.0
2012-08-20,2.715,2.785,2.686,2.776,,2.776,119101.0,89717.0
2012-08-17,2.71,2.757,2.688,2.719,,2.719,96469.0,95869.0
2012-08-16,2.765,2.84,2.685,2.724,,2.724,202272.0,108210.0
2012-08-15,2.834,2.84,2.74,2.748,,2.748,147052.0,128700.0
2012-08-14,2.747,2.848,2.73,2.834,,2.834,147750.0,139499.0
2012-08-13,2.77,2.79,2.715,2.729,,2.729,179180.0,166327.0
2012-08-10,2.931,2.943,2.76,2.77,,2.77,231840.0,190109.0
2012-08-09,2.931,3.12,2.876,2.945,,2.945,325059.0,207533.0
2012-08-08,2.959,2.987,2.897,2.933,,2.933,171507.0,228431.0
2012-08-07,2.919,2.995,2.882,2.964,,2.964,187692.0,252357.0
2012-08-06,2.841,2.938,2.801,2.908,,2.908,108322.0,255450.0
2012-08-03,2.918,2.955,2.84,2.877,,2.877,115467.0,258593.0
2012-08-02,3.156,3.171,2.912,2.92,,2.92,216599.0,275488.0
2012-08-01,3.217,3.241,3.123,3.171,,3.171,195094.0,274098.0
2012-07-31,3.22,3.277,3.157,3.209,,3.209,180496.0,277180.0
2012-07-30,3.03,3.231,3.03,3.214,,3.214,166121.0,270476.0
2012-07-27,3.103,3.11,2.99,3.01,,3.01,13904.0,7729.0
2012-07-26,3.062,3.129,3.018,3.105,,3.105,82403.0,18478.0
2012-07-25,3.174,3.178,3.05,3.07,,3.07,104612.0,26185.0
2012-07-24,3.117,3.196,3.084,3.187,,3.187,124156.0,41297.0
2012-07-23,3.083,3.13,2.991,3.117,,3.117,119059.0,53415.0
2012-07-20,3.031,3.096,2.984,3.081,,3.081,146116.0,67710.0
2012-07-19,2.975,3.045,2.925,2.999,,2.999,173037.0,79987.0
2012-07-18,2.791,3.02,2.777,2.973,,2.973,213287.0,84519.0
2012-07-17,2.816,2.846,2.72,2.796,,2.796,123073.0,97984.0
2012-07-16,2.875,2.915,2.781,2.801,,2.801,125405.0,112554.0
2012-07-13,2.878,2.911,2.829,2.874,,2.874,106919.0,123376.0
2012-07-12,2.853,2.92,2.72,2.874,,2.874,219484.0,128503.0
2012-07-11,2.747,2.862,2.718,2.853,,2.853,119831.0,134736.0
2012-07-10,2.88,2.915,2.734,2.737,,2.737,162729.0,146973.0
2012-07-09,2.781,2.896,2.776,2.883,,2.883,126618.0,153583.0
2012-07-06,2.949,3.06,2.753,2.776,,2.776,223350.0,151722.0
2012-07-05,2.9,2.957,2.885,2.945,,2.945,108556.0,154645.0
2012-07-03,2.844,2.902,2.786,2.899,,2.899,109199.0,155937.0
2012-07-02,2.804,2.855,2.742,2.824,,2.824,110864.0,161765.0
2012-06-29,2.761,2.832,2.716,2.824,,2.824,159390.0,162723.0
2012-06-28,2.765,2.846,2.659,2.722,,2.722,180495.0,167055.0
2012-06-27,2.787,2.946,2.73,2.774,,2.774,15395.0,7684.0
2012-06-26,2.669,2.786,2.648,2.767,,2.767,100414.0,19049.0
2012-06-25,2.66,2.731,2.644,2.694,,2.694,97267.0,27144.0
2012-06-22,2.582,2.664,2.542,2.625,,2.625,134709.0,41342.0
2012-06-21,2.525,2.638,2.505,2.582,,2.582,182787.0,61297.0
2012-06-20,2.559,2.679,2.503,2.517,,2.517,152468.0,65114.0
2012-06-19,2.654,2.671,2.506,2.545,,2.545,148522.0,76254.0
2012-06-18,2.467,2.658,2.459,2.635,,2.635,206685.0,93258.0
2012-06-15,2.526,2.557,2.444,2.467,,2.467,165068.0,110590.0
2012-06-14,2.197,2.531,2.168,2.495,,2.495,284331.0,134116.0
2012-06-13,2.212,2.229,2.182,2.185,,2.185,172905.0,158094.0
2012-06-12,2.206,2.272,2.173,2.232,,2.232,183517.0,178215.0
2012-06-11,2.262,2.285,2.198,2.218,,2.218,145241.0,197320.0
2012-06-08,2.276,2.323,2.231,2.299,,2.299,161462.0,218727.0
2012-06-07,2.421,2.439,2.263,2.274,,2.274,231982.0,234635.0
2012-06-06,2.446,2.487,2.397,2.421,,2.421,139901.0,247333.0
2012-06-05,2.429,2.477,2.383,2.446,,2.446,140689.0,258177.0
2012-06-04,2.33,2.44,2.318,2.415,,2.415,137999.0,265179.0
2012-06-01,2.408,2.415,2.313,2.326,,2.326,156575.0,262244.0
2012-05-31,2.45,2.498,2.377,2.422,,2.422,219302.0,267002.0
2012-05-30,2.498,2.508,2.393,2.418,,2.418,147000.0,265047.0
2012-05-29,2.547,2.56,2.399,2.429,,2.429,15285.0,8630.0
2012-05-25,2.642,2.654,2.523,2.568,,2.568,101577.0,23708.0
2012-05-24,2.729,2.75,2.628,2.647,,2.647,118018.0,31890.0
2012-05-23,2.691,2.747,2.615,2.737,,2.737,161500.0,58389.0
2012-05-22,2.642,2.728,2.579,2.707,,2.707,163479.0,75751.0
2012-05-21,2.722,2.743,2.589,2.609,,2.609,148310.0,88863.0
2012-05-18,2.633,2.759,2.606,2.742,,2.742,177813.0,98309.0
2012-05-17,2.625,2.676,2.507,2.594,,2.594,206486.0,115613.0
2012-05-16,2.52,2.638,2.489,2.618,,2.618,173348.0,132518.0
2012-05-15,2.417,2.525,2.387,2.5,,2.5,145533.0,153104.0
2012-05-14,2.493,2.52,2.414,2.431,,2.431,115549.0,161875.0
2012-05-11,2.467,2.531,2.455,2.509,,2.509,134656.0,166161.0
2012-05-10,2.463,2.519,2.407,2.487,,2.487,209537.0,164072.0
2012-05-09,2.44,2.509,2.402,2.465,,2.465,197868.0,170277.0
2012-05-08,2.323,2.461,2.276,2.393,,2.393,163719.0,178369.0
2012-05-07,2.277,2.358,2.273,2.336,,2.336,93742.0,181041.0
2012-05-04,2.34,2.373,2.261,2.279,,2.279,145240.0,193591.0
2012-05-03,2.26,2.38,2.253,2.34,,2.34,166020.0,208573.0
2012-05-02,2.371,2.384,2.236,2.253,,2.253,173753.0,222311.0
2012-05-01,2.311,2.385,2.293,2.371,,2.371,169715.0,219024.0
2012-04-30,2.19,2.32,2.15,2.285,,2.285,159969.0,224025.0
2012-04-27,2.126,2.198,2.107,2.186,,2.186,116384.0,234402.0
2012-04-26,2.094,2.187,1.999,2.036,,2.036,17161.0,9093.0
2012-04-25,1.984,2.09,1.971,2.068,,2.068,75462.0,22019.0
2012-04-24,2.011,2.028,1.97,1.975,,1.975,67324.0,31412.0
2012-04-23,1.937,2.022,1.921,2.007,,2.007,147054.0,60947.0
2012-04-20,1.904,1.935,1.902,1.927,,1.927,83720.0,76506.0
2012-04-19,1.949,1.971,1.902,1.907,,1.907,128025.0,105291.0
2012-04-18,1.95,1.988,1.94,1.951,,1.951,104819.0,124685.0
2012-04-17,2.008,2.016,1.947,1.951,,1.951,124328.0,142729.0
2012-04-16,1.986,2.03,1.976,2.016,,2.016,150191.0,165921.0
2012-04-13,1.982,1.999,1.959,1.981,,1.981,178509.0,189606.0
2012-04-12,1.976,2.069,1.971,1.983,,1.983,268907.0,217001.0
2012-04-11,2.023,2.049,1.972,1.984,,1.984,194003.0,242641.0
2012-04-10,2.111,2.126,2.024,2.031,,2.031,172225.0,257441.0
2012-04-09,2.103,2.117,2.061,2.107,,2.107,145966.0,279136.0
2012-04-06,2.446,2.446,2.446,2.446,,2.446,0.0,0.0
2012-04-05,2.137,2.159,2.084,2.089,,2.089,161975.0,282835.0
2012-04-04,2.171,2.198,2.13,2.141,,2.141,105095.0,288314.0
2012-04-03,2.146,2.204,2.117,2.187,,2.187,128434.0,291566.0
2012-04-02,2.122,2.163,2.069,2.152,,2.152,130252.0,305816.0
2012-03-30,2.166,2.172,2.101,2.126,,2.126,127069.0,317866.0
2012-03-29,2.267,2.277,2.132,2.149,,2.149,161708.0,317615.0
2012-03-28,2.196,2.21,2.163,2.191,,2.191,13351.0,7608.0
2012-03-27,2.217,2.238,2.176,2.208,,2.208,86549.0,24550.0
2012-03-26,2.286,2.318,2.213,2.226,,2.226,65407.0,32849.0
2012-03-23,2.266,2.325,2.261,2.275,,2.275,102967.0,59148.0
2012-03-22,2.342,2.38,2.25,2.269,,2.269,159207.0,75214.0
2012-03-21,2.329,2.366,2.303,2.36,,2.36,95479.0,86603.0
2012-03-20,2.339,2.369,2.318,2.335,,2.335,97088.0,100676.0
2012-03-19,2.322,2.393,2.285,2.351,,2.351,139252.0,112483.0
2012-03-16,2.267,2.362,2.246,2.326,,2.326,127334.0,129080.0
2012-03-15,2.275,2.334,2.234,2.279,,2.279,144016.0,144956.0
2012-03-14,2.329,2.344,2.245,2.284,,2.284,154984.0,155117.0
2012-03-13,2.27,2.338,2.204,2.299,,2.299,145709.0,169155.0
2012-03-09,2.297,2.327,2.26,2.324,,2.324,104336.0,182151.0
2012-03-08,2.305,2.335,2.235,2.272,,2.272,152043.0,192155.0
2012-03-07,2.341,2.343,2.281,2.302,,2.302,129203.0,203769.0
2012-03-06,2.355,2.395,2.339,2.356,,2.356,99045.0,208490.0
2012-03-05,2.401,2.441,2.349,2.355,,2.355,104155.0,202293.0
2012-03-02,2.472,2.505,2.461,2.484,,2.484,85415.0,209023.0
2012-03-01,2.593,2.597,2.444,2.463,,2.463,173796.0,199913.0
2012-02-29,2.539,2.625,2.502,2.616,,2.616,175945.0,210836.0
2012-02-28,2.598,2.624,2.511,2.519,,2.519,129424.0,215781.0
2012-02-27,2.523,2.589,2.435,2.446,,2.446,19143.0,11863.0
2012-02-24,2.613,2.635,2.512,2.55,,2.55,78986.0,26067.0
2012-02-23,2.664,2.695,2.565,2.621,,2.621,111823.0,32424.0
2012-02-22,2.637,2.668,2.532,2.643,,2.643,124377.0,53916.0
2012-02-21,2.659,2.673,2.575,2.626,,2.626,140356.0,76002.0
2012-02-17,2.556,2.733,2.527,2.684,,2.684,166074.0,89249.0
2012-02-16,2.436,2.577,2.415,2.567,,2.567,218350.0,126708.0
2012-02-15,2.55,2.567,2.404,2.425,,2.425,191172.0,127045.0
2012-02-14,2.441,2.569,2.434,2.532,,2.532,198631.0,145738.0
2012-02-13,2.448,2.47,2.395,2.431,,2.431,227555.0,178955.0
2012-02-10,2.481,2.528,2.451,2.477,,2.477,156861.0,203870.0
2012-02-09,2.444,2.585,2.405,2.477,,2.477,273253.0,235110.0
2012-02-08,2.492,2.508,2.39,2.448,,2.448,195811.0,254975.0
2012-02-07,2.574,2.618,2.452,2.472,,2.472,241630.0,271751.0
2012-02-06,2.503,2.587,2.447,2.55,,2.55,155572.0,283806.0
2012-02-03,2.558,2.56,2.45,2.499,,2.499,159589.0,281557.0
2012-02-02,2.375,2.587,2.34,2.554,,2.554,264358.0,299595.0
2012-02-01,2.465,2.471,2.355,2.382,,2.382,200739.0,306591.0
2012-01-31,2.689,2.689,2.453,2.503,,2.503,229400.0,309231.0
2012-01-30,2.81,2.844,2.64,2.713,,2.713,163126.0,308476.0
2012-01-27,2.595,2.714,2.542,2.678,,2.678,16884.0,10359.0
2012-01-26,2.76,2.803,2.553,2.605,,2.605,101301.0,23637.0
2012-01-25,2.572,2.776,2.571,2.729,,2.729,162932.0,29324.0
2012-01-24,2.577,2.65,2.512,2.554,,2.554,212574.0,46412.0
2012-01-23,2.27,2.619,2.231,2.525,,2.525,264128.0,64134.0
2012-01-20,2.306,2.367,2.283,2.343,,2.343,138124.0,76826.0
2012-01-19,2.482,2.485,2.293,2.322,,2.322,165373.0,89567.0
2012-01-18,2.485,2.542,2.452,2.472,,2.472,133907.0,98784.0
2012-01-17,2.569,2.488,2.488,2.488,,2.488,216679.0,117956.0
2012-01-13,2.705,2.711,2.621,2.67,,2.67,131586.0,131663.0
2012-01-12,2.761,2.772,2.663,2.697,,2.697,166264.0,142115.0
2012-01-11,2.923,2.929,2.741,2.774,,2.774,173698.0,153311.0
2012-01-10,3.014,3.045,2.903,2.941,,2.941,140457.0,159476.0
2012-01-09,3.011,3.032,2.977,3.011,,3.011,115212.0,165717.0
2012-01-06,2.96,3.077,2.955,3.062,,3.062,132139.0,172208.0
2012-01-05,3.122,3.123,2.947,2.98,,2.98,171870.0,171072.0
2012-01-04,2.978,3.123,2.975,3.096,,3.096,137309.0,173289.0
2012-01-03,2.969,3.074,2.936,2.993,,2.993,110030.0,180477.0
